{
  "title": "Nova teoria diz que passado, presente e futuro coexistem",
  "author": "Renato Mota",
  "body": "CIÊNCIA E ESPAÇO \n O professor de filosofia do MIT Bradford Skow defende que o tempo faz parte do tecido espaço-temporal do universo - enquanto só 'percebemos' o presente, passado e futuro existem em outras dimensões \n Diferente de um \"rio que corre\", o tempo não se comporta da forma como o percebemos. Passado, presente e futuro existem simultaneamente, mas em dimensões diferentes. Esse é o fundamento por trás do conceito do \"Bloco universal\", defendido pelo professor associado de filosofia do Instituto de Tecnologia de Massachusetts (MIT), Bradford Skow. \n Veja também: \n Cientistas propõem espaçonave capaz de surfar as ondas de uma supernova \n Espaço-tempo gira em torno de uma estrela morta, provando que Einstein estava certo \n Teoria explica que matéria escura de buracos negros destrói estrelas \n Nova simulação mostra em detalhes a evolução do Universo, veja o vídeo \n Estudo levanta teorias sobre por que ainda não vimos alienígenas na Terra \n Em seu livro \"Objective Becoming\", Skow detalha essa visão, que defende que tempo deve ser considerado como uma dimensão do espaço-tempo, como sustenta a teoria da relatividade. Dessa maneira, ele não “passa” por nós, mas faz parte do tecido maior do universo – ao invés de ser algo que se move dentro dele. \n \"A teoria do universo em bloco diz que você se espalha pelo tempo, da mesma maneira como se espalha no espaço\", explica Skow. \"Não estamos localizados em um único momento\". Ou sejam, eventos ocorrem, pessoas envelhecem e assim por diante. \"As coisas mudam\", afirma o professor de filosofia. Mas o passado não “desaparece”, ele simplesmente existe em diferentes partes do espaço-tempo. \n Esse pensamento possui uma base na teoria do espaço e do tempo unificados, proposta por Albert Einstein em 1915. Em sua teoria geral da relatividade, o físico alemão propõe que o espaço-tempo toma forma de maneira múltipla ou contínua, que podem ser visualizados como um espaço vetorial quadridimensional. \"A distinção entre passado, presente e futuro é apenas uma ilusão teimosamente persistente\", afirmou Einstein. \n No livro, Skow considera diversas explicações alternativas para como o tempo se comporta, mas se diz mais impressionado com a teoria dos \"holofotes em movimento\", que coloca passado e o futuro em pé de igualdade com o presente. No entanto, a teoria sustenta que apenas um momento de cada vez está absolutamente presente, e esse momento continua mudando, como se um holofote estivesse se movendo sobre ela. \n As experiências que você teve há um ou dez anos ainda são igualmente reais, afirma Skow; eles são apenas \"inacessíveis\" porque agora você está em uma parte diferente do espaço-tempo (o que inviabiliza, infelizmente, viagens no tempo).",
  "type": "article",
  "url": "https://olhardigital.com.br/ciencia-e-espaco/noticia/nova-teoria-diz-que-passado-presente-e-futuro-coexistem/97786"
}